<?xml version="1.0" encoding="UTF-8"?>
<!DOCTYPE beans PUBLIC "-//SPRING//DTD BEAN 2.0//EN"
			"https://www.springframework.org/dtd/spring-beans-2.0.dtd">
			<!--  
<beans xmlns="http://www.springframework.org/schema/beans"
    xmlns:xsi="http://www.w3.org/2001/XMLSchema-instance"
    xmlns:context="http://www.springframework.org/schema/context"
    xsi:schemaLocation="http://www.springframework.org/schema/beans
        https://www.springframework.org/schema/beans/spring-beans.xsd
        http://www.springframework.org/schema/context
        https://www.springframework.org/schema/context/spring-context.xsd">
<context:component-scan base-package="beans" />
    <context:annotation-config/>
-->
<beans>
<bean id="c" class="beans.Car"  />
<bean id="b" class="beans.Bus"  />

<bean class="org.springframework.beans.factory.config.MethodInvokingBean">
<property name="staticMethod" value="beans.Car.setName" />
	<property name="arguments" value="Audi" /></bean> 
	
	<bean class="org.springframework.beans.factory.config.MethodInvokingBean">
<property name="staticMethod" value="beans.Bus.setName" />
	<property name="arguments" value="Ashok Leyland" /></bean> 
</beans>
