<beans xmlns="http://www.springframework.org/schema/beans"
xmlns:util="http://www.springframework.org/schema/util" 
  xmlns:xsi="http://www.w3.org/2001/XMLSchema-instance"
  xsi:schemaLocation="http://www.springframework.org/schema/beans 
  http://www.springframework.org/schema/beans/spring-beans-3.0.xsd
  http://www.springframework.org/schema/util 
  http://www.springframework.org/schema/util/spring-util.xsd
  ">
  <!-- Load properties into IOC context scope -->
  <bean class="org.springframework.beans.factory.config.PropertyPlaceholderConfigurer">
  <property name="location" value="resources/Drivers.properties"></property>
   <!-- Inject the COntext scope data to the Required bean-->
  </bean>
 <bean id="t" class="beans.Test">
<property name="driver" value="${driver}"></property>
<property name="url" value="${url}"></property>
<property name="username" value="${user}"></property>
<property name="pwd" value="${pwd}"> </property>
<property name="db" value="${db}"></property>

</bean>
</beans>