<?xml version="1.0" encoding="UTF-8"?>
<beans xmlns="http://www.springframework.org/schema/beans"
    xmlns:xsi="http://www.w3.org/2001/XMLSchema-instance"
    xmlns:context="http://www.springframework.org/schema/context"
    xsi:schemaLocation="http://www.springframework.org/schema/beans
        https://www.springframework.org/schema/beans/spring-beans.xsd
        http://www.springframework.org/schema/context
        https://www.springframework.org/schema/context/spring-context.xsd">
<context:component-scan base-package="beans" />
    <context:annotation-config/>

<bean class ="org.springframework.beans.factory.annotation.RequiredAnnotationBeanPostProcessor"/>
<bean class="org.springframework.beans.factory.annotation.AutowiredAnnotationBeanPostProcessor"></bean>

<bean id="e1" class="beans.Engine"  > 
  <property name="model"><value>Suzuki</value></property>  
</bean>
</beans>